item_name,unit_price
3-way stopcock with 10 cm extension line,28.13
"Abdominal Belt Velcro, Cream color (Large)",240.0
"Abdominal Belt Velcro, Cream color (Medium)",240.0
"Abdominal Belt Velcro, Cream color (Small)",240.0
"Abdominal Belt Velcro, Cream color (XL)",250.0
"Abdominal Belt Velcro, Cream color (XXL)",250.0
"Abdominal Drainage Kit, Sterile (2000ml, 24 Graduate)",93.75
"Abdominal Drainage Kit, Sterile (2000ml, 28 Graduate)",93.75
Absorbent Cotton Wool IP 200 g,63.75
Absorbent Cotton Wool IP 500 g,161.25
Absorbent Cotton Wool IP 75 g,27.19
"Absorbent Gelatin Sponge, Sterilized (80mm x 50mm x 10mm)",93.75
Adhesive Surgical Paper Tape  Size 1.25cmx5m,6.56
Adhesive Surgical Paper Tape  Size 5cmx5m,24.38
Adhesive Surgical Paper Tape Size 2.5cmx5m,12.19
"Adhesive wound dressings, 25cm x 10cm",18.75
Alcohol Swab (Spirit Swab),1.03
Anklet (Tubular Support) (Extra Large),155.0
Anklet (Tubular Support) (Large),155.0
Anklet (Tubular Support) (Medium),150.0
Anklet (Tubular Support) (Small),150.0
"Arm Sling Pouch (Large), Grey",130.0
"Arm Sling Pouch (Medium), Grey",130.0
Baby Feeding Bottle 250 ml,42.19
Baby Wipes (Pack of 20 wipes),45.0
Bed Bath Towel,55.0
Blood Transfusion Set with Filter 170 Micron,16.88
"Bone Wax, Sterilised",45.0
Breathing Exerciser (3 Chambers),150.0
Cervical Collar (Extra Large),120.0
Cervical Collar (Large),120.0
Cervical Collar (Medium),120.0
Cervical Collar (Small),120.0
"Cervical Pillow (polyester, PU foam)",500.0
Chlorhexidine Gauze Dressing B.P 10cmx10cm (Sterile),11.25
"Chromic Suture (1/2 Cir Rb Needle 20mm, Length 76 cm)",75.0
"Chromic Suture (1/2 Cir Rb Needle 30mm, Length 76 cm)",42.19
"Chromic Suture (1/2 Cir Rb Needle 40mm, Length 76 cm)",42.19
"Chromic Suture (1/2 Cir Rb Needle 45mm, Length 100 cm)",46.88
"Chromic Suture (3/8 Cir Rb Needle 30mm, Length 76 cm)",42.19
"Chromic Suture (3/8 Cir Rb Needle 40mm, Length 76 cm)",42.19
Combined Dressing Pad (10X10Cm),28.13
Combined Dressing Pad (10X20Cm),42.19
Corrugated Drainage Sheet,26.0
Cotton Balls,90.0
Cotton Bandage 10 cm x 4 M,18.75
Cotton Bandage 7.5 cm x 4 M,14.06
Cotton Bandages(Non Sterile) 15 cm x 4 M,28.13
Cotton Pads (Round),46.88
Covid 19 Self-Testing Kit (ICMR Approved),196.88
Crepe Bandage B. P.10 cm x 4 M,33.75
Crepe Bandage B.P. 15 cm x 4 M,51.56
Crepe Bandage B.P. 6 cm x 4 M,22.5
Dengue Test Kit,42.19
Digital Blood Pressure Instrument ( 100% mercury free),937.5
Disposable Plastic Hand Gloves (Free size),3.0
Elastic gauze bandages 10cm,178.13
Elastic gauze bandages 7.5cm,140.63
Elbow Support (Extra Large),150.0
Elbow Support (Large),150.0
Elbow Support (Medium),140.0
Elbow Support (Small),140.0
Elecrical Nebulizer Machine,750.0
"Endotracheal Tube Cuffed, Size 4",75.0
"Endotracheal Tube Cuffed, Size 4.5",70.31
"Endotracheal Tube Cuffed, Size 5",65.63
"Endotracheal Tube Cuffed, Size 6",65.63
"Endotracheal Tube Cuffed, Size 6.5",65.63
"Endotracheal Tube Cuffed, Size 7",65.63
"Endotracheal Tube Cuffed, Size 7.5",65.63
"Endotracheal Tube Cuffed, Size 8",65.63
"Endotracheal Tube Cuffed, Size 8.5",65.63
"Endotracheal Tube Cuffed, Size 9",65.63
"Endotracheal Tube Plain, Size 2.5, Sterile, Single use",32.81
"Endotracheal Tube Plain, Size 3, Sterile, Single use",32.81
"Endotracheal Tube Plain, Size 3.5, Sterile, Single use",32.81
"Endotracheal Tube Plain, Size 4, Sterile, Single use",32.81
"Endotracheal Tube Plain, Size 4.5, Sterile, Single use",32.81
"Endotracheal Tube Plain, Size 5, Sterile, Single use",32.81
"Endotracheal Tube Plain, Size 8.5, Sterile, Single use",37.5
Female Natural Latex Condom,115.0
"GLUCOMETER DIGITAL (1 glucometer, 25 strips, 25 lancets,1 lancing device,1 battery 3V, Warranty card)",492.19
Glucometer Test Strip,210.94
Hernia Belt (Small),180.0
Hot Water Bag (Small),160.0
"I.V Cannula (Sterile, Disposable), 18 G",14.06
"I.V Cannula (Sterile, Disposable), 20 G",14.06
"I.V Cannula (Sterile, Disposable), 22 G",14.06
"I.V Cannula (Sterile, Disposable), 24 G",14.06
"I.V Cannula (Sterile, Disposable), 26 G",15.94
IV Cannula Fixator (Medium 6cm x 5cm),9.38
Ice bag,20.0
"Infant Feeding Tube, Sterile (Size-10 Fg, length 50 cm)",9.38
"Infant Feeding Tube, Sterile (Size-5 Fg, length 50 cm)",9.38
"Infant Feeding Tube, Sterile (Size-8 Fg, length 50 cm)",9.38
Insulin Syringe (40 units) with 30G needle,5.16
Janaushadhi Ankur (HCG- Pregnancy Test Kit),18.75
Janaushadhi Bachpan (Baby Diaper (New Born)),30.94
Janaushadhi Bachpan (Baby Diaper (Small)),30.94
Janaushadhi Bachpan (Baby Diaper; Pant Style; Large (9Kg - 13Kg)),135.94
Janaushadhi Bachpan (Baby Diaper; Pant Style; Medium (6Kg - 11Kg)),93.75
Janaushadhi Bachpan (Baby Diaper; Pant Style; New Born (2Kg - 5Kg)),79.69
Janaushadhi Bachpan (Baby Diaper; Pant Style; Small (3Kg - 8Kg)),84.38
Janaushadhi Kavach (Male Latex Condom (1740 Dot)),15.0
Janaushadhi Kavach (Male Latex Condom (Extra Thin)),12.0
Janaushadhi Kavach (Male Latex Condom (Normal Dot)),12.0
Janaushadhi Kavach (Male Latex Condom (Plain)),12.0
Janaushadhi Kavach (Male Latex Condom (Ribbed)),15.0
Janaushadhi Kavach (Male Latex Condom (Three In One)),12.0
Janaushadhi Suraksha (Adhesive Bandages Washproof),1.03
Janaushadhi Suvidha (Oxo- Biodegradable Sanitary Napkins Regular Size with Wings),30.0
Janaushadhi Suvidha (Oxo- Biodegradable Sanitary Napkins Regular Size with wings),4.0
Janaushadhi Suvidha (Oxo-Biodegradable Sanitary Napkin regular size with wings),10.0
Janaushadhi Suvidha (Oxo-Biodegradable Sanitary Napkins Extra Large (XL) Size with wings),15.0
Janaushadhi Suvidha (Oxo-Biodegradable Sanitary Napkins Large Size with wings),12.0
Janaushadhi Suvidha (Oxo-Biodegradable Sanitary Napkins Regular Size With Wings),5.0
Janaushadhi Swabhiman (Adult Diaper (Large)),131.25
Janaushadhi Swabhiman (Adult Diaper (Medium)),121.88
Janaushadhi Swabhiman (Adult Diaper (XL)),150.0
Janaushadhi Swabhiman (Adult Diaper; Pant Style Large; Waist Size: 38 inch - 54 inch),379.69
Janaushadhi Swabhiman (Adult Diaper; Pant Style Medium; Waist Size: 28 inch - 45 inch),346.88
Karman cannula 4 mm,37.5
Knee Brace Belt (Large),525.0
Knee Brace Belt (Medium),525.0
Knee Cap (Large),120.0
Knee Cap (Medium),120.0
Knee Cap (Small),120.0
Knee Cap with Patellar Ring (Medium),200.0
Knee Cap with Patellar Ring (Small),200.0
Knee Cap with patellar ring (Large),200.0
"Lancets, Round Sterile, 28G",37.5
Lumbar Spinal Brace (Grey),770.0
Lumbo-Sacral Support Belt (Waist and Back Support) (Double Extra Large),390.0
Lumbo-Sacral Support Belt (Waist and Back Support) (Extra Large),385.0
Lumbo-Sacral Support Belt (Waist and Back Support) (Large),380.0
Lumbo-Sacral Support Belt (Waist and Back Support) (Medium),375.0
Lumbo-Sacral Support Belt (Waist and Back Support) (Small),370.0
Magnetic Posture Corrector Back Support Belt - Posture Fit,580.0
Manual breast pump,600.0
Maternity Sanitary Pads,68.25
Medical Digital Thermometer,88.98
Medical Steam Vaporizer,234.38
N-95 Mask with Expiratory Valve,30.0
N-95 Mask without Expiratory Valve,25.0
"Nasal Oxygen Cannula set, Twin bore (Adult)",28.13
Nebulizer Mask with Tubing,56.25
Needle 16G,1.88
Needle 18G,1.41
Needle 23G,0.94
Needle 26G half inch,1.41
Paper Adhesive Plaster 1 inch X 9m,23.44
Paper Adhesive Plaster 2 inch X 9m,51.56
Paper Adhesive Plaster 3 inch X 9m,75.0
Plaster of Paris BP Bandages 10cm X 2.7m / Roll,56.25
Plaster of Paris BP Bandages 15cm X 2.7m / Roll,79.69
Plastic Bedpan,65.63
Plastic Urine Pot collector (For both Male & Female),46.88
Pollution Control Mask/Nanofiber Mask:  made up of high efficiency nanofiber material with non ret,56.25
"Polyamide (3/8 Cir Micropoint Spatulated,6mm,length 38 Cm) size 8/0",328.13
"Polyamide (3/8 Cir Slim Blade Cutting Needle 15mm, Length 70 Cm)size 5/0",65.63
"Polyamide (3/8 Conventional Cutting Needle 16mm Length 70 cm), USP 3/0",28.13
"Polyamide (3/8 Conventional Cutting Needle 19mm Length 60 cm), Polyamide (3/8 Conventional Cutting Needle 19mm Length 60 cm), USP 4/0",56.25
"Polyamide (3/8 Cutting Edge Needle, Double Arms Needle 6 mm, Suture Length 35-42 Cm Size 10/0",403.13
"Polyamide (3/8 R Cutting Needle 45mm, Length 70 Cm.)size 2./0",26.25
"Polybutylate / Silicon Coated Polyster Braided Green / Blue (1/2 Cir Tapercut, 17 Mm Double Needle, Suture Length 75 Cm)size 4/0",79.69
"Polybutylate / Silicon Coated Polyster Braided Green / Blue (1/2 Cir Tapercut,17 Mm Double Needle, Suture Length 90 Cm)size 2/0,",79.69
"Polybutylate Coated Polyster Braided White (1/2 Cir Tapercut, 17 Mm Double Needle, Suture Length 90 Cm)size 2/0",79.69
"Polybutylate Coated with Polyster Braided (green/ Blue) 1/2 Circle Tapercut, 17mm Double Armed Needle, Suture Length of 90cm with Pledgets Size 6 x 3 x 1.5mm",239.06
"Polybutylate Coated with Polyster Braided (green/ Blue) 1/2 Circle Tapercut, 25mm Double Armed Needle, Suture Length of 90cm with Pledgets Size 6 x 3 x 1.5mm",239.06
"Polyglecaprone/Polyglyconate Suture (1/2 Circle Cutting 16mm Needle, Suture length 70cm), USP 4/0",131.25
"Polyglecaprone/Polyglyconate Suture (3/8 Circle Cutting 25mm Needle, Suture length 70cm), USP 3/0",60.94
"Polypropylene Suture (1/2 Cir Rb 13mm Needle, Suture Length 70cm, double arm), USP 6/0",239.06
"Polypropylene Suture (1/2 Cir Rb, 13mm Needle, Suture Length 75cm, double arm), USP 5/0",187.5
"Polypropylene Suture (1/2 Cir Rb, 17mm Needle, Suture Length 90cm), USP 4/0",46.88
"Polypropylene Suture (1/2 Cir Rb, 25mm Needle, Suture Length 75cm, double arm), USP 3/0",60.94
"Polypropylene Suture (1/2 Cir Rb, 25mm Needle, Suture Length 90cm), USP 3/0",46.88
"Polypropylene Suture (1/2 Cir Rb, 30mm Needle, Suture Length 90cm) double arm, USP 1/0",65.63
"Polypropylene Suture (1/2 Cir Rb, 30mm Needle, Suture Length 90cm), USP 2/0",46.88
"Polypropylene Suture (1/2 Cir Rb, 40mm Needle, Suture Length 90cm), USP 1",51.56
"Polypropylene Suture (1/2 Cir Rb, 45mm Needle, Suture Length 90cm), Polypropylene Suture (1/2 Cir Rb, 45mm Needle, Suture Length 90cm), USP 1",56.25
"Polypropylene Suture (1/2 Cir Rb, Reverse Cutting, 45mm Needle, Suture Length 100cm), USP 1",51.56
"Polypropylene Suture (1/2 Circle, Tapercut, 17mm Needle, Suture Length 90cm, double arm), USP 3/0",65.63
"Polypropylene Suture (1/2 Tapercut, 17mm Double Needle, Suture Length 70cm), USP3/0",79.69
"Polypropylene Suture (1/2 Tapercut, 17mm Double Needle, Suture Length 75cm) double arm, USP 5/0",243.75
"Polypropylene Suture (1/2 Tapercut, 25mm Double Needle, Suture Length 90cm) double arm, USP 1/0",201.56
"Polypropylene Suture (3/8 Cir Rb 8mm Double Needle, Suture Length 70cm), USP 8/0",112.5
"Polypropylene Suture (3/8 Cir Rb, 13mm Needle, Suture Length 90cm) double arm, USP 6/0",229.69
"Polypropylene Suture (3/8 Cir Rb, 16mm Needle, Suture Length 70cm), USP 5/0",42.19
"Polypropylene Suture (3/8 Cir Rb, 8mm Needle, Suture Length 60cm), USP 7/0",112.5
Pulse Oximeter,464.06
Rapid Diagnostic Malaria Test Kit,25.31
Reusable Menstrual Cup (Large),185.0
Reusable Menstrual Cup (Medium),180.0
Reusable Menstrual Cup (Small),175.0
"Rubber Examination Gloves, Non-sterile (Medium)",3.97
"Rubber Examination Gloves, Non-sterile (Small)",3.28
Ryles Tube/Nasogastric Tube (Size 10),10.31
Ryles Tube/Nasogastric Tube (Size 12),10.31
Ryles Tube/Nasogastric Tube (Size 14),10.31
Ryles Tube/Nasogastric Tube (Size 16),10.31
Ryles Tube/Nasogastric Tube (Size 18),10.31
Scalp Vein Set (Disposable) (18G),6.56
Scalp Vein Set (Disposable) (20G),6.56
Scalp Vein Set (Disposable) (22G),6.56
Scalp Vein Set (Disposable) (24G),6.56
"Silk Suture (1/2 Cir Rb needle 20mm, Length 76 cm), USP-3/0",28.13
"Silk Suture (3/8 Cir Rb needle 16mm, Length 76 cm), USP 4/0",32.81
"Silk Suture (3/8 Cir Rb needle 20mm, Length 76 cm) USP 2/0,",51.56
"Silk Suture (3/8 Circle Reverse cutting needle 26mm, Length 76 cm), Silk Suture (3/8 Circle Reverse cutting needle 26mm, Length 76 cm), USP3/0",28.13
"Silk Suture (3/8 Circle Reverse cutting needle 45mm, Length 76 cm), USP 2/0",28.13
Skin Grafting Knife Blade (Sterile),84.38
Specican 30 ml,8.0
"Sterile Catheter Single Use for Urinary Drainage (Foley Balloon Catheter), 2 way (10FG)",60.94
"Sterile Catheter Single Use for Urinary Drainage (Foley Balloon Catheter), 2 way (16FG)",37.5
"Sterile Catheter Single Use for Urinary Drainage (Foley Balloon Catheter), 2 way (18FG)",37.5
"Sterile Catheter Single Use for Urinary Drainage (Foley Balloon Catheter), 2 way (20FG)",37.5
"Sterile Catheter Single Use for Urinary Drainage (Foley Balloon Catheter), 2 way (22FG)",37.5
"Sterile Catheter Single Use for Urinary Drainage (Foley Balloon Catheter), 2 way (24FG)",37.5
"Sterile Catheter Single Use for Urinary Drainage (Foley Balloon Catheter), 2 way (8FG)",60.94
Sterile Disposable Infusion set with Microdrip (I.V.) (Adult use),14.06
Sterile Disposable Infusion set with Microdrip (I.V.) (Pediatric use),51.56
Sterile Disposable Perfusion set with airway and needle adult use 150cm long smooth kink resist,12.19
Sterile Disposable Spinal Needle 22G x 3 ½ inch,51.56
Sterile Disposable Spinal Needle 25G x 3 ½ inch,51.56
Sterile Gauze Pad size 2X2,6.56
Sterile Gauze Pad size 3X3,7.5
Sterile Gauze Pad size 4X4,8.44
Sterilized Umbilical Cotton Tape 3mm x 75cm,39.38
"Suction Catheter FG (10), 50 cm, Sterilized",7.5
"Suction Catheter FG (12), 50 cm, Sterilized",7.5
"Suction Catheter FG (14), 50 cm, Sterilized",8.44
"Suction Catheter FG (16), 50 cm, Sterilized",9.38
"Suction Catheter FG (18), 50 cm, Sterilized",9.38
"Suction Catheter FG (20), 50 cm, Sterilized",10.31
"Suction Catheter FG (6), 50 cm, Sterilized",6.56
"Suction Catheter FG (8), 50 cm, Sterilized",6.56
Suction Catheter FG 5,13.13
"Surgical Blade, No. 15, Sterilized",3.75
"Surgical Blade, No. 22, Sterilized",3.75
Surgical Cap,3.0
"Surgical Cap, Disposable(for Surgeons/Nurses)",2.0
"Surgical Face Mask, Disposable",2.0
"Surgical Rubber Gloves-Disposable, Sterile, 6.5 inch",20.63
"Surgical Rubber Gloves-Disposable, Sterile, 7 inch",20.63
"Surgical Rubber Gloves-Disposable, Sterile, 7.5 inch",20.63
"Surgical Rubber Gloves-Disposable, Sterile, 8 inch",18.75
"Surgical Suture (Absorbable, Synthetic) 1/2 Cir Rb, Niddle 20mm, Length 70cm",46.88
"Surgical Suture (Absorbable, Synthetic) 1/2 Cir Rb, Niddle 20mm, Length 70cm, USP 4/0",42.19
"Surgical Suture (Absorbable, Synthetic) 1/2 Cir Rb, Niddle 30mm, Length 90cm, USP-1/0",51.56
"Surgical Suture (Absorbable, Synthetic) 1/2 Cir Rb, Niddle 30mm, Length 90cm, USP-2/0",42.19
"Surgical Suture (Absorbable, Synthetic) 1/2 Cir Rb, Niddle 40mm, Length 90cm, USP-2/0",220.31
"Surgical Suture (Absorbable, Synthetic) 1/2 Cir Rb, Tapercut Niddle 40mm, Length 90cm",220.31
"Surgical Suture (Absorbable, Synthetic) 3/8 Cir Rb, cutting Niddle 22mm, Length 45cm",37.5
Surgical shoe cap,4.0
Syringe 10 ml with needle 21G,4.64
Syringe 2 ml with needle 24G,2.57
Syringe 20 ml with needle 23G,8.44
Syringe 5 ml with needle 24G,3.09
Thumb and Wrist brace (Extra Large),90.0
Thumb and Wrist brace (Large),90.0
Thumb and Wrist brace (Medium),90.0
Thumb and Wrist brace (Small),90.0
"Tracheostomy Tube (PVC), Sterilised, single use Size-24",206.25
Transparent film dressings (Sterile) 10cm X 12cm,60.94
Umbilical Catheter (For New Born),56.25
"Urine Collecting Bag, Disposable, 2000ml",30.0
Vein Compression Stocking Knee length (Extra Large),130.0
Vein Compression Stocking Knee length (Large),140.0
Vein Compression Stocking Knee length (Medium),140.0
Vein Compression Stocking Knee length (Small),140.0
Vein Compression Stocking Knee length (XXL),140.0
Vein Compression Stocking Thigh length (Extra Large),170.0
Vein Compression Stocking Thigh length (Large),170.0
Vein Compression Stocking Thigh length (Medium),170.0
Vein Compression Stocking Thigh length (Small),170.0
Vein Compression Stocking Thigh length (XXL),180.0
Walking Stick Tripod,540.0
Zig zag cotton,47.44
